"season","pageIDs201516","teamName","teamShortName","homeAway","oppName","pointsTotal","oppPointsTotal","pointsMargin","fieldGoalsMade","fieldGoalsAtt","fieldGoalsPct","threesMade","threesAtt","threesPct","freeThrowsMade","freeThrowsAtt","freeThrowsPct","reboundsDef","reboundsOff","reboundsTotal","assists","turnovers","steals","blocks","blocksReceived","foulsPersonal","foulsOn","pointsFromTurnovers","pointsSecondChance","pointsFastBreak","pointsBench","pointsInThePaint"
"2015 / 2016",137220,"SEQ Stars","SEQ","Home","Bendigo Spirit","80",63,17,"32","72","44","4","12","33","12","17","70","26","10","36","15","9","8","1","5","16","20","14","8","0","0","44"
"2015 / 2016",137220,"Bendigo Spirit","Spirit","Away","SEQ Stars","63",80,-17,"26","70","37","1","14","7","10","13","76","28","15","43","8","17","1","5","1","20","16","6","4","0","0","40"
"2015 / 2016",137221,"Perth Lynx","Lynx","Home","Sydney Uni Flames","81",70,11,"30","75","40","8","16","50","13","18","72","25","15","40","18","8","6","4","3","24","19","13","15","2","0","34"
"2015 / 2016",137221,"Sydney Uni Flames","Flames","Away","Perth Lynx","70",81,-11,"23","58","39","6","20","30","18","25","72","24","10","34","9","15","2","3","4","19","24","6","0","0","0","18"
"2015 / 2016",137222,"Townsville Fire","Fire","Home","Bendigo Spirit","64",72,-8,"25","58","43","5","13","38","9","14","64","20","5","25","12","17","6","4","1","19","13","13","7","0","0","32"
"2015 / 2016",137222,"Bendigo Spirit","Spirit","Away","Townsville Fire","72",64,8,"25","56","44","5","14","35","17","20","85","25","5","30","16","16","9","1","4","13","19","15","3","0","0","38"
"2015 / 2016",137223,"UC Capitals","Capitals","Home","Dandenong Rangers","72",80,-8,"28","66","42","6","19","31","10","13","76","22","9","31","17","13","6","3","2","22","16","7","6","8","0","30"
"2015 / 2016",137223,"Dandenong Rangers","Rangers","Away","UC Capitals","80",72,8,"27","65","41","3","11","27","23","27","85","28","13","41","14","12","8","2","3","16","22","12","14","19","0","24"
"2015 / 2016",137224,"Melbourne Boomers","Boomers","Home","Adelaide Lightning","94",72,22,"39","81","48","5","23","21","11","15","73","34","14","48","18","13","3","2","0","15","15","18","15","0","0","54"
"2015 / 2016",137224,"Adelaide Lightning","Lightning","Away","Melbourne Boomers","72",94,-22,"27","73","36","3","10","30","15","19","78","18","11","29","12","13","4","0","2","15","15","10","6","2","0","36"
"2015 / 2016",137225,"Sydney Uni Flames","Flames","Home","UC Capitals","85",67,18,"29","57","50","7","16","43","20","24","83","27","5","32","17","15","7","0","2","19","22","13","4","0","22","30"
"2015 / 2016",137225,"UC Capitals","Capitals","Away","Sydney Uni Flames","67",85,-18,"26","57","45","4","13","30","11","15","73","19","5","24","12","17","3","2","0","22","19","9","4","0","37","24"
"2015 / 2016",137226,"Dandenong Rangers","Rangers","Home","SEQ Stars","89",81,8,"36","68","52","4","9","44","13","19","68","27","9","36","19","16","4","4","1","12","19","11","6","2","23","48"
"2015 / 2016",137226,"SEQ Stars","SEQ","Away","Dandenong Rangers","81",89,-8,"32","74","43","7","18","38","10","14","71","23","7","30","11","12","11","1","4","19","12","10","8","2","7","40"
"2015 / 2016",137227,"Adelaide Lightning","Lightning","Home","Sydney Uni Flames","71",88,-17,"26","77","33","3","13","23","16","24","66","22","16","38","13","15","9","2","7","23","20","10","13","0","19","28"
"2015 / 2016",137227,"Sydney Uni Flames","Flames","Away","Adelaide Lightning","88",71,17,"33","64","51","3","15","20","19","27","70","35","10","45","21","15","4","7","2","20","22","14","11","0","37","26"
"2015 / 2016",137228,"Melbourne Boomers","Boomers","Home","Perth Lynx","68",78,-10,"22","57","38","6","13","46","18","19","94","20","9","29","13","17","2","3","4","16","16","9","9","0","0","20"
"2015 / 2016",137228,"Perth Lynx","Lynx","Away","Melbourne Boomers","78",68,10,"31","73","42","7","24","29","9","9","100","22","12","34","16","11","7","4","3","16","16","16","9","2","14","30"
"2015 / 2016",137229,"Bendigo Spirit","Spirit","Home","Perth Lynx","81",65,16,"31","66","46","10","26","38","9","13","69","29","11","40","16","18","5","3","3","20","15","10","15","8","12","42"
"2015 / 2016",137229,"Perth Lynx","Lynx","Away","Bendigo Spirit","65",81,-16,"22","68","32","5","23","21","16","21","76","19","13","32","10","11","6","3","3","15","20","14","10","2","14","16"
"2015 / 2016",137230,"Townsville Fire","Fire","Home","UC Capitals","104",60,44,"43","77","55","9","21","42","9","13","69","29","10","39","19","13","8","6","2","25","20","29","12","0","28","50"
"2015 / 2016",137230,"UC Capitals","Capitals","Away","Townsville Fire","60",104,-44,"16","56","28","6","16","37","22","28","78","12","6","18","14","19","1","2","6","20","25","9","5","0","26","10"
"2015 / 2016",137231,"UC Capitals","Capitals","Home","SEQ Stars","58",95,-37,"19","62","30","3","16","18","17","18","94","19","7","26","14","18","13","1","4","13","19","8","7","2","10","26"
"2015 / 2016",137231,"SEQ Stars","SEQ","Away","UC Capitals","95",58,37,"37","72","51","10","16","62","11","14","78","34","12","46","19","18","8","4","1","19","13","22","18","4","43","44"
"2015 / 2016",137232,"Dandenong Rangers","Rangers","Home","Bendigo Spirit","89",57,32,"33","74","44","6","15","40","17","22","77","27","14","41","16","9","6","7","3","17","21","9","9","6","28","38"
"2015 / 2016",137232,"Bendigo Spirit","Spirit","Away","Dandenong Rangers","57",89,-32,"18","67","26","0","13","0","21","25","84","21","12","33","13","16","7","3","7","21","17","4","2","8","10","26"
"2015 / 2016",137233,"Bendigo Spirit","Spirit","Home","UC Capitals","77",66,11,"24","53","45","5","16","31","24","29","82","26","12","38","16","14","8","3","6","19","22","14","8","0","4","36"
"2015 / 2016",137233,"UC Capitals","Capitals","Away","Bendigo Spirit","66",77,-11,"22","57","38","7","21","33","15","18","83","18","8","26","15","13","4","6","3","22","19","11","7","0","5","20"
"2015 / 2016",137234,"Sydney Uni Flames","Flames","Home","Melbourne Boomers","93",86,7,"35","55","63","10","17","58","13","16","81","16","7","23","20","21","6","2","2","18","16","24","4","0","15","40"
"2015 / 2016",137234,"Melbourne Boomers","Boomers","Away","Sydney Uni Flames","86",93,-7,"32","62","51","6","15","40","16","20","80","14","13","27","19","19","8","2","2","16","18","18","7","0","9","40"
"2015 / 2016",137235,"Townsville Fire","Fire","Home","Adelaide Lightning","104",41,63,"35","61","57","13","23","56","21","26","80","36","8","44","21","17","8","3","1","15","23","25","9","0","40","34"
"2015 / 2016",137235,"Adelaide Lightning","Lightning","Away","Townsville Fire","41",104,-63,"16","70","22","1","10","10","8","15","53","19","15","34","6","21","8","1","3","23","15","13","8","0","9","18"
"2015 / 2016",137236,"Perth Lynx","Lynx","Home","Dandenong Rangers","83",74,9,"30","84","35","8","25","32","15","22","68","23","19","42","12","15","10","4","6","21","21","20","0","10","8","42"
"2015 / 2016",137236,"Dandenong Rangers","Rangers","Away","Perth Lynx","74",83,-9,"28","69","40","2","4","50","16","19","84","29","10","39","15","20","6","6","4","21","21","12","15","0","14","32"
"2015 / 2016",137237,"SEQ Stars","SEQ","Home","Adelaide Lightning","104",74,30,"36","76","47","13","27","48","19","24","79","25","13","38","16","10","4","1","2","20","21","22","20","0","19","32"
"2015 / 2016",137237,"Adelaide Lightning","Lightning","Away","SEQ Stars","74",104,-30,"25","69","36","3","21","14","21","26","80","27","15","42","11","18","4","2","1","21","20","11","8","0","18","30"
"2015 / 2016",137238,"Perth Lynx","Lynx","Home","Bendigo Spirit","67",73,-6,"23","74","31","6","25","24","15","21","71","27","17","44","13","13","5","11","5","18","15","9","8","0","7","22"
"2015 / 2016",137238,"Bendigo Spirit","Spirit","Away","Perth Lynx","73",67,6,"25","71","35","3","19","15","20","24","83","26","11","37","14","11","9","5","11","15","18","10","16","0","8","36"
"2015 / 2016",137240,"Dandenong Rangers","Rangers","Home","Townsville Fire","75",83,-8,"33","70","47","4","8","50","5","7","71","27","4","31","11","12","4","3","4","19","14","8","0","0","12","44"
"2015 / 2016",137240,"Townsville Fire","Fire","Away","Dandenong Rangers","83",75,8,"30","75","40","1","16","6","22","26","84","29","13","42","13","12","3","4","3","14","19","8","10","0","6","38"
"2015 / 2016",137241,"UC Capitals","Capitals","Home","Melbourne Boomers","63",91,-28,"25","66","37","5","14","35","8","15","53","22","10","32","15","20","6","4","4","11","18","10","8","2","24","34"
"2015 / 2016",137241,"Melbourne Boomers","Boomers","Away","UC Capitals","91",63,28,"40","85","47","8","24","33","3","6","50","29","18","47","19","15","11","4","4","18","11","30","25","10","24","42"
"2015 / 2016",137242,"Adelaide Lightning","Lightning","Home","Bendigo Spirit","76",68,8,"27","69","39","6","17","35","16","18","88","31","13","44","13","10","5","2","3","16","21","10","13","0","11","24"
"2015 / 2016",137242,"Bendigo Spirit","Spirit","Away","Adelaide Lightning","68",76,-8,"26","66","39","11","26","42","5","9","55","27","7","34","16","14","4","3","2","21","16","7","12","0","4","30"
"2015 / 2016",137243,"Melbourne Boomers","Boomers","Home","Townsville Fire","84",75,9,"32","66","48","8","19","42","12","14","85","29","11","40","19","19","4","1","4","16","17","15","4","2","10","8"
"2015 / 2016",137243,"Townsville Fire","Fire","Away","Melbourne Boomers","75",84,-9,"32","74","43","4","16","25","7","13","53","20","7","27","12","13","6","4","1","17","16","14","9","4","10","52"
"2015 / 2016",137244,"Sydney Uni Flames","Flames","Home","UC Capitals","68",45,23,"26","61","42","7","17","41","9","12","75","29","14","43","16","16","5","7","2","14","17","12","11","0","18","28"
"2015 / 2016",137244,"UC Capitals","Capitals","Away","Sydney Uni Flames","45",68,-23,"21","64","32","0","11","0","3","7","42","14","10","24","7","11","5","2","7","17","14","12","8","0","10","32"
"2015 / 2016",137245,"Dandenong Rangers","Rangers","Home","Melbourne Boomers","75",69,6,"23","60","38","5","10","50","24","32","75","25","9","34","8","13","7","2","3","20","25","6","3","4","15","26"
"2015 / 2016",137245,"Melbourne Boomers","Boomers","Away","Dandenong Rangers","69",75,-6,"24","61","39","8","22","36","13","16","81","26","7","33","18","20","1","3","2","25","20","8","7","0","24","24"
"2015 / 2016",137246,"Bendigo Spirit","Spirit","Home","SEQ Stars","84",79,5,"30","69","43","4","14","28","20","22","90","29","13","42","19","14","6","10","7","19","19","8","10","2","11","40"
"2015 / 2016",137246,"SEQ Stars","SEQ","Away","Bendigo Spirit","79",84,-5,"32","76","42","6","21","28","9","17","52","20","12","32","12","9","5","7","10","19","19","18","4","2","13","42"
"2015 / 2016",137247,"Townsville Fire","Fire","Home","Sydney Uni Flames","70",73,-3,"26","73","35","2","8","25","16","20","80","26","13","39","14","11","3","3","2","19","19","8","7","0","17","38"
"2015 / 2016",137247,"Sydney Uni Flames","Flames","Away","Townsville Fire","73",70,3,"26","68","38","2","12","16","19","23","82","29","10","39","13","12","6","2","3","19","19","13","11","0","15","32"
"2015 / 2016",137248,"Adelaide Lightning","Lightning","Home","Perth Lynx","52",65,-13,"18","71","25","3","21","14","13","20","65","25","15","40","12","16","10","0","5","15","19","9","4","0","20","22"
"2015 / 2016",137248,"Perth Lynx","Lynx","Away","Adelaide Lightning","65",52,13,"26","67","38","7","26","26","6","10","60","32","10","42","22","19","5","4","0","19","15","11","8","0","13","30"
"2015 / 2016",137249,"Melbourne Boomers","Boomers","Home","SEQ Stars","64",76,-12,"23","56","41","5","16","31","13","16","81","23","10","33","16","25","4","8","1","16","19","9","9","6","4","26"
"2015 / 2016",137249,"SEQ Stars","SEQ","Away","Melbourne Boomers","76",64,12,"27","70","38","8","15","53","14","16","87","20","11","31","18","16","10","1","8","19","16","20","12","12","28","28"
"2015 / 2016",137250,"Perth Lynx","Lynx","Home","Dandenong Rangers","83",66,17,"33","74","44","7","21","33","10","10","100","18","14","32","17","16","8","8","2","11","12","15","10","2","29","32"
"2015 / 2016",137250,"Dandenong Rangers","Rangers","Away","Perth Lynx","66",83,-17,"27","78","34","4","17","23","8","10","80","18","22","40","13","18","4","2","8","12","11","9","13","0","25","34"
"2015 / 2016",137251,"Sydney Uni Flames","Flames","Home","Adelaide Lightning","84",79,5,"29","59","49","8","16","50","18","19","94","24","7","31","15","16","2","5","3","13","21","21","9","0","23","22"
"2015 / 2016",137251,"Adelaide Lightning","Lightning","Away","Sydney Uni Flames","79",84,-5,"30","68","44","8","19","42","11","15","73","19","11","30","16","14","8","3","5","21","13","20","12","0","13","28"
"2015 / 2016",137252,"SEQ Stars","SEQ","Home","Melbourne Boomers","78",62,16,"28","70","40","6","22","27","16","19","84","28","13","41","10","12","7","4","5","13","18","15","5","2","27","34"
"2015 / 2016",137252,"Melbourne Boomers","Boomers","Away","SEQ Stars","62",78,-16,"24","61","39","6","15","40","8","10","80","26","7","33","9","19","3","5","4","19","13","2","5","2","4","18"
"2015 / 2016",137253,"UC Capitals","Capitals","Home","Adelaide Lightning","71",78,-7,"23","68","33","5","22","22","20","22","90","18","12","30","13","10","7","9","0","18","24","13","7","2","29","34"
"2015 / 2016",137253,"Adelaide Lightning","Lightning","Away","UC Capitals","78",71,7,"29","74","39","5","10","50","15","18","83","33","19","52","11","16","3","0","9","24","18","8","13","0","37","32"
"2015 / 2016",137254,"Bendigo Spirit","Spirit","Home","Perth Lynx","73",86,-13,"25","68","36","9","24","37","14","18","77","19","16","35","16","20","8","3","6","23","17","18","13","7","10","28"
"2015 / 2016",137254,"Perth Lynx","Lynx","Away","Bendigo Spirit","86",73,13,"29","62","46","11","24","45","17","20","85","17","10","27","17","15","12","6","3","17","23","21","5","2","27","20"
"2015 / 2016",137255,"Townsville Fire","Fire","Home","Melbourne Boomers","85",57,28,"30","72","41","4","13","30","21","24","87","32","19","51","17","20","7","2","8","14","17","13","14","0","33","38"
"2015 / 2016",137255,"Melbourne Boomers","Boomers","Away","Townsville Fire","57",85,-28,"24","72","33","3","20","15","6","7","85","17","10","27","14","14","7","8","2","17","14","13","8","0","9","30"
"2015 / 2016",137256,"Perth Lynx","Lynx","Home","Adelaide Lightning","93",85,8,"36","66","54","9","25","36","12","17","70","24","11","35","17","21","12","5","1","13","19","19","12","2","25","40"
"2015 / 2016",137256,"Adelaide Lightning","Lightning","Away","Perth Lynx","85",93,-8,"33","64","51","7","16","43","12","15","80","18","4","22","24","19","14","1","5","19","13","21","2","0","23","42"
"2015 / 2016",137257,"SEQ Stars","SEQ","Home","Townsville Fire","85",88,-3,"34","77","44","11","21","52","6","8","75","22","11","33","14","11","7","3","6","22","12","16","10","6","34","38"
"2015 / 2016",137257,"Townsville Fire","Fire","Away","SEQ Stars","88",85,3,"35","67","52","2","10","20","16","19","84","30","7","37","12","19","5","6","3","12","21","8","7","2","15","46"
"2015 / 2016",137258,"Sydney Uni Flames","Flames","Home","SEQ Stars","94",69,25,"34","62","54","8","20","40","18","19","94","36","2","38","21","18","5","5","2","17","22","18","0","0","15","28"
"2015 / 2016",137258,"SEQ Stars","SEQ","Away","Sydney Uni Flames","69",94,-25,"26","76","34","4","21","19","13","17","76","16","11","27","11","15","7","2","5","22","17","6","8","0","17","36"
"2015 / 2016",137259,"Melbourne Boomers","Boomers","Home","Bendigo Spirit","78",58,20,"27","59","45","9","19","47","15","17","88","29","11","40","17","14","6","3","3","17","16","11","14","0","3","20"
"2015 / 2016",137259,"Bendigo Spirit","Spirit","Away","Melbourne Boomers","58",78,-20,"22","63","34","6","18","33","8","13","61","16","12","28","17","12","4","3","3","16","17","9","9","0","12","28"
"2015 / 2016",137260,"Bendigo Spirit","Spirit","Home","Dandenong Rangers","63",49,14,"22","63","34","6","18","33","13","16","81","23","12","35","17","20","8","3","4","12","18","13","5","7","9","22"
"2015 / 2016",137260,"Dandenong Rangers","Rangers","Away","Bendigo Spirit","49",63,-14,"20","58","34","0","6","0","9","11","81","25","12","37","4","22","11","4","3","18","12","10","4","5","6","24"
"2015 / 2016",137261,"UC Capitals","Capitals","Home","Townsville Fire","66",84,-18,"25","64","39","3","17","17","13","17","76","17","6","23","10","16","8","0","3","22","18","14","4","0","16","36"
"2015 / 2016",137261,"Townsville Fire","Fire","Away","UC Capitals","84",66,18,"28","63","44","3","13","23","25","30","83","25","13","38","17","15","9","3","0","19","22","15","9","4","16","42"
"2015 / 2016",137262,"Dandenong Rangers","Rangers","Home","Sydney Uni Flames","85",65,20,"33","68","48","5","13","38","14","17","82","22","8","30","23","10","7","2","2","16","17","18","6","10","21","38"
"2015 / 2016",137262,"Sydney Uni Flames","Flames","Away","Dandenong Rangers","65",85,-20,"24","58","41","2","18","11","15","16","93","21","7","28","5","18","4","2","2","17","16","8","8","11","20","44"
"2015 / 2016",137263,"Townsville Fire","Fire","Home","Perth Lynx","91",81,10,"35","68","51","7","21","33","14","18","77","29","9","38","16","13","5","2","2","12","15","15","4","10","14","46"
"2015 / 2016",137263,"Perth Lynx","Lynx","Away","Townsville Fire","81",91,-10,"31","77","40","11","28","39","8","9","88","17","11","28","11","11","4","2","2","15","12","17","7","4","6","26"
"2015 / 2016",137264,"UC Capitals","Capitals","Home","Melbourne Boomers","61",66,-5,"21","43","48","3","11","27","16","26","61","19","5","24","8","19","4","0","1","21","18","4","6","0","9","24"
"2015 / 2016",137264,"Melbourne Boomers","Boomers","Away","UC Capitals","66",61,5,"26","50","52","5","10","50","9","16","56","18","6","24","9","12","8","1","0","20","20","13","6","0","27","28"
"2015 / 2016",137265,"Adelaide Lightning","Lightning","Home","Bendigo Spirit","73",89,-16,"28","75","37","4","13","30","13","21","61","17","15","32","15","14","7","3","6","19","16","10","10","0","22","36"
"2015 / 2016",137265,"Bendigo Spirit","Spirit","Away","Adelaide Lightning","89",73,16,"33","60","55","10","22","45","13","16","81","26","9","35","20","16","8","6","3","16","19","18","14","6","15","32"
"2015 / 2016",137266,"SEQ Stars","SEQ","Home","Perth Lynx","64",85,-21,"26","70","37","6","20","30","6","10","60","16","11","27","7","16","7","3","4","13","12","16","12","0","5","34"
"2015 / 2016",137266,"Perth Lynx","Lynx","Away","SEQ Stars","85",64,21,"33","67","49","7","21","33","12","14","85","28","15","43","14","20","4","4","3","12","13","19","17","2","10","40"
"2015 / 2016",137267,"UC Capitals","Capitals","Home","Sydney Uni Flames","76",82,-6,"26","62","41","6","21","28","18","24","75","18","5","23","11","13","8","1","1","24","23","14","0","8","19","34"
"2015 / 2016",137267,"Sydney Uni Flames","Flames","Away","UC Capitals","82",76,6,"27","55","49","4","11","36","24","29","82","26","8","34","12","21","5","1","1","23","24","15","4","0","17","28"
"2015 / 2016",137268,"Sydney Uni Flames","Flames","Home","Adelaide Lightning","67",94,-27,"27","61","44","2","13","15","11","13","84","18","5","23","16","11","3","1","5","19","17","11","6","0","12","30"
"2015 / 2016",137268,"Adelaide Lightning","Lightning","Away","Sydney Uni Flames","94",67,27,"37","67","55","6","16","37","14","15","93","26","9","35","20","11","5","5","1","17","19","12","6","0","10","48"
"2015 / 2016",137269,"Townsville Fire","Fire","Home","Bendigo Spirit","68",84,-16,"26","63","41","6","19","31","10","13","76","23","8","31","15","19","6","4","3","17","12","7","9","5","12","28"
"2015 / 2016",137269,"Bendigo Spirit","Spirit","Away","Townsville Fire","84",68,16,"28","65","43","12","25","48","16","20","80","25","12","37","18","16","3","3","4","12","17","9","8","8","7","28"
"2015 / 2016",137270,"Dandenong Rangers","Rangers","Home","Perth Lynx","65",63,2,"26","69","37","2","14","14","11","12","91","31","10","41","11","10","4","3","5","16","16","4","2","7","10","32"
"2015 / 2016",137270,"Perth Lynx","Lynx","Away","Dandenong Rangers","63",65,-2,"23","68","33","7","22","31","10","14","71","26","9","35","16","11","3","5","3","16","16","8","4","2","18","22"
"2015 / 2016",137271,"Melbourne Boomers","Boomers","Home","Perth Lynx","73",84,-11,"28","65","43","10","22","45","7","12","58","17","13","30","13","18","2","2","1","17","15","17","9","3","9","24"
"2015 / 2016",137271,"Perth Lynx","Lynx","Away","Melbourne Boomers","84",73,11,"33","67","49","6","16","37","12","13","92","23","11","34","14","18","11","1","2","15","17","15","18","4","16","36"
"2015 / 2016",137272,"Adelaide Lightning","Lightning","Home","Dandenong Rangers","72",70,2,"27","62","43","3","14","21","15","19","78","18","8","26","15","14","13","2","1","17","18","14","6","0","12","32"
"2015 / 2016",137272,"Dandenong Rangers","Rangers","Away","Adelaide Lightning","70",72,-2,"28","61","45","6","17","35","8","10","80","24","12","36","16","21","4","1","2","18","17","14","10","0","2","28"
"2015 / 2016",137273,"SEQ Stars","SEQ","Home","Bendigo Spirit","88",97,-9,"32","63","50","7","22","31","17","27","62","21","9","30","18","13","2","7","2","19","20","26","7","0","25","40"
"2015 / 2016",137273,"Bendigo Spirit","Spirit","Away","SEQ Stars","97",88,9,"36","69","52","11","18","61","14","16","87","23","12","35","22","14","6","2","7","20","19","15","14","2","5","44"
"2015 / 2016",137274,"Perth Lynx","Lynx","Home","SEQ Stars","85",67,18,"30","80","37","10","32","31","15","22","68","34","17","51","22","8","8","8","3","18","15","16","13","2","19","32"
"2015 / 2016",137274,"SEQ Stars","SEQ","Away","Perth Lynx","67",85,-18,"22","70","31","5","21","23","18","21","85","29","14","43","13","12","4","3","8","15","18","4","15","0","13","24"
"2015 / 2016",137275,"Dandenong Rangers","Rangers","Home","UC Capitals","84",80,4,"32","63","50","5","15","33","15","17","88","24","14","38","14","22","5","1","1","16","18","11","15","3","10","34"
"2015 / 2016",137275,"UC Capitals","Capitals","Away","Dandenong Rangers","80",84,-4,"29","65","44","10","27","37","12","17","70","15","13","28","14","16","5","1","1","19","16","7","6","6","15","32"
"2015 / 2016",137276,"Bendigo Spirit","Spirit","Home","Melbourne Boomers","65",70,-5,"21","69","30","7","27","25","16","19","84","22","16","38","13","17","11","6","7","22","17","15","5","4","3","20"
"2015 / 2016",137276,"Melbourne Boomers","Boomers","Away","Bendigo Spirit","70",65,5,"23","57","40","12","23","52","12","19","63","26","10","36","18","19","8","7","6","17","22","9","9","0","6","16"
"2015 / 2016",137278,"Adelaide Lightning","Lightning","Home","SEQ Stars","61",72,-11,"23","58","39","2","9","22","13","18","72","26","9","35","9","17","7","4","4","17","16","12","2","2","25","28"
"2015 / 2016",137278,"SEQ Stars","SEQ","Away","Adelaide Lightning","72",61,11,"25","65","38","10","25","40","12","12","100","24","10","34","18","14","7","4","4","16","17","10","2","0","18","20"
"2015 / 2016",137279,"Melbourne Boomers","Boomers","Home","UC Capitals","78",75,3,"32","73","43","13","28","46","1","2","50","28","7","35","20","6","3","1","3","11","11","12","5","0","19","26"
"2015 / 2016",137279,"UC Capitals","Capitals","Away","Melbourne Boomers","75",78,-3,"30","65","46","9","18","50","6","10","60","24","4","28","15","7","1","3","1","11","11","14","6","0","8","28"
"2015 / 2016",137280,"Perth Lynx","Lynx","Home","UC Capitals","88",68,20,"35","79","44","7","22","31","11","13","84","26","15","41","16","14","12","5","10","15","12","18","6","2","23","48"
"2015 / 2016",137280,"UC Capitals","Capitals","Away","Perth Lynx","68",88,-20,"26","62","41","8","21","38","8","10","80","23","7","30","12","22","7","10","5","12","15","15","3","4","24","26"
"2015 / 2016",137281,"Bendigo Spirit","Spirit","Home","Sydney Uni Flames","64",67,-3,"21","60","35","6","20","30","16","18","88","24","11","35","8","12","4","5","4","23","14","9","4","2","2","20"
"2015 / 2016",137281,"Sydney Uni Flames","Flames","Away","Bendigo Spirit","67",64,3,"25","69","36","7","12","58","10","14","71","23","18","41","8","13","2","4","5","15","23","3","6","0","15","24"
"2015 / 2016",137282,"Dandenong Rangers","Rangers","Home","Melbourne Boomers","76",70,6,"30","64","46","2","8","25","14","17","82","21","11","32","7","12","4","2","1","11","19","12","14","3","7","36"
"2015 / 2016",137282,"Melbourne Boomers","Boomers","Away","Dandenong Rangers","70",76,-6,"29","60","48","7","19","36","5","8","62","22","7","29","11","15","4","1","2","19","11","6","9","3","9","26"
"2015 / 2016",137283,"SEQ Stars","SEQ","Home","Townsville Fire","95",75,20,"38","78","48","9","21","42","10","11","90","25","11","36","18","9","4","5","4","16","10","24","11","0","16","28"
"2015 / 2016",137283,"Townsville Fire","Fire","Away","SEQ Stars","75",95,-20,"25","63","39","2","14","14","23","23","100","23","7","30","15","17","3","4","5","10","16","4","8","0","9","34"
"2015 / 2016",137284,"Adelaide Lightning","Lightning","Home","UC Capitals","75",68,7,"27","70","38","5","16","31","16","25","64","29","15","44","20","16","7","1","3","24","18","7","12","0","18","30"
"2015 / 2016",137284,"UC Capitals","Capitals","Away","Adelaide Lightning","68",75,-7,"22","58","37","2","16","12","22","28","78","28","7","35","9","17","6","3","1","18","24","12","4","0","10","34"
"2015 / 2016",137285,"Melbourne Boomers","Boomers","Home","Sydney Uni Flames","62",65,-3,"21","58","36","8","24","33","12","15","80","18","17","35","13","21","9","4","0","20","15","13","19","0","11","12"
"2015 / 2016",137285,"Sydney Uni Flames","Flames","Away","Melbourne Boomers","65",62,3,"26","56","46","5","15","33","8","12","66","14","5","19","14","15","6","0","3","15","20","14","5","6","11","24"
"2015 / 2016",137286,"Townsville Fire","Fire","Home","Dandenong Rangers","70",61,9,"25","67","37","10","24","41","10","14","71","28","10","38","20","14","0","4","3","12","12","9","4","0","8","24"
"2015 / 2016",137286,"Dandenong Rangers","Rangers","Away","Townsville Fire","61",70,-9,"25","70","35","2","14","14","9","12","75","25","9","34","7","10","4","3","4","12","12","16","11","0","9","28"
"2015 / 2016",137287,"Perth Lynx","Lynx","Home","Townsville Fire","71",77,-6,"28","76","36","6","25","24","9","11","81","21","15","36","11","14","11","0","7","14","12","15","13","0","10","32"
"2015 / 2016",137287,"Townsville Fire","Fire","Away","Perth Lynx","77",71,6,"31","56","55","9","17","52","6","9","66","25","3","28","19","20","5","7","0","12","14","13","2","0","21","36"
"2015 / 2016",137288,"Sydney Uni Flames","Flames","Home","Melbourne Boomers","86",78,8,"31","60","51","10","22","45","14","16","87","21","8","29","19","15","7","4","2","16","18","18","10","0","24","24"
"2015 / 2016",137288,"Melbourne Boomers","Boomers","Away","Sydney Uni Flames","78",86,-8,"26","59","44","11","24","45","15","19","78","16","11","27","15","18","6","2","4","18","16","9","2","0","31","26"
"2015 / 2016",137289,"Bendigo Spirit","Spirit","Home","UC Capitals","78",68,10,"31","68","45","6","19","31","10","12","83","26","8","34","20","11","8","2","4","15","12","9","2","2","8","42"
"2015 / 2016",137289,"UC Capitals","Capitals","Away","Bendigo Spirit","68",78,-10,"24","60","40","3","13","23","17","19","89","25","6","31","10","13","4","4","2","12","15","7","4","1","7","36"
"2015 / 2016",137290,"SEQ Stars","SEQ","Home","Dandenong Rangers","66",72,-6,"23","76","30","4","22","18","16","18","88","28","18","46","9","10","5","4","4","20","17","5","7","0","16","26"
"2015 / 2016",137290,"Dandenong Rangers","Rangers","Away","SEQ Stars","72",66,6,"25","61","40","4","9","44","18","23","78","28","4","32","11","11","4","4","4","17","20","4","4","0","13","30"
"2015 / 2016",137291,"Adelaide Lightning","Lightning","Home","Townsville Fire","60",88,-28,"22","63","34","6","15","40","10","20","50","15","15","30","10","15","5","2","7","21","13","11","17","0","12","22"
"2015 / 2016",137291,"Townsville Fire","Fire","Away","Adelaide Lightning","88",60,28,"33","67","49","8","26","30","14","24","58","27","17","44","22","11","6","7","2","13","21","11","10","0","21","40"
"2015 / 2016",137292,"Sydney Uni Flames","Flames","Home","Perth Lynx","83",73,10,"28","63","44","6","19","31","21","21","100","25","9","34","18","13","5","8","2","16","19","13","8","0","22","28"
"2015 / 2016",137292,"Perth Lynx","Lynx","Away","Sydney Uni Flames","73",83,-10,"27","70","38","7","27","25","12","14","85","20","14","34","11","17","8","2","8","19","16","16","10","0","18","32"
"2015 / 2016",137293,"Adelaide Lightning","Lightning","Home","Dandenong Rangers","63",79,-16,"22","67","32","6","21","28","13","20","65","17","14","31","15","16","10","0","5","20","14","14","8","2","13","22"
"2015 / 2016",137293,"Dandenong Rangers","Rangers","Away","Adelaide Lightning","79",63,16,"28","55","50","3","9","33","20","25","80","24","7","31","18","17","7","5","0","14","20","18","6","2","16","26"
"2015 / 2016",137294,"Dandenong Rangers","Rangers","Home","Sydney Uni Flames","64",61,3,"22","67","32","3","8","37","17","20","85","27","14","41","7","13","5","4","6","18","22","10","2","6","16","22"
"2015 / 2016",137294,"Sydney Uni Flames","Flames","Away","Dandenong Rangers","61",64,-3,"23","71","32","5","21","23","10","15","66","24","14","38","9","11","4","6","4","22","18","11","11","4","25","30"
"2015 / 2016",137295,"Bendigo Spirit","Spirit","Home","Melbourne Boomers","81",74,7,"28","62","45","5","18","27","20","28","71","20","13","33","19","9","10","3","1","17","22","6","4","0","3","42"
"2015 / 2016",137295,"Melbourne Boomers","Boomers","Away","Bendigo Spirit","74",81,-7,"27","57","47","11","21","52","9","20","45","22","7","29","14","12","1","1","3","22","17","10","8","4","12","24"
"2015 / 2016",137296,"Townsville Fire","Fire","Home","SEQ Stars","80",90,-10,"31","73","42","8","21","38","10","15","66","28","9","37","19","16","2","4","4","16","13","10","9","0","8","40"
"2015 / 2016",137296,"SEQ Stars","SEQ","Away","Townsville Fire","90",80,10,"28","68","41","10","21","47","24","26","92","29","9","38","16","13","3","4","4","13","16","18","12","2","2","20"
"2015 / 2016",137298,"Bendigo Spirit","Spirit","Home","Sydney Uni Flames","81",66,15,"30","68","44","5","16","31","16","20","80","31","15","46","19","14","4","2","1","14","16","8","11","6","5","48"
"2015 / 2016",137298,"Sydney Uni Flames","Flames","Away","Bendigo Spirit","66",81,-15,"28","72","38","5","21","23","5","6","83","19","8","27","14","8","3","1","2","16","14","13","7","0","17","36"
"2015 / 2016",137299,"Dandenong Rangers","Rangers","Home","Adelaide Lightning","63",77,-14,"25","60","41","5","14","35","8","10","80","22","4","26","14","15","6","2","4","22","15","11","4","2","10","22"
"2015 / 2016",137299,"Adelaide Lightning","Lightning","Away","Dandenong Rangers","77",63,14,"26","73","35","4","15","26","21","26","80","25","22","47","15","12","6","4","2","15","22","14","11","4","11","32"
"2015 / 2016",137300,"SEQ Stars","SEQ","Home","UC Capitals","115",75,40,"44","77","57","15","29","51","12","17","70","28","16","44","16","14","9","0","0","25","18","23","20","0","14","42"
"2015 / 2016",137300,"UC Capitals","Capitals","Away","SEQ Stars","75",115,-40,"25","58","43","4","14","28","21","26","80","17","1","18","9","17","3","0","0","18","25","9","2","2","32","26"
"2015 / 2016",137301,"Perth Lynx","Lynx","Home","Adelaide Lightning","76",67,9,"28","65","43","7","22","31","13","19","68","24","7","31","19","6","2","2","5","16","19","14","8","0","11","30"
"2015 / 2016",137301,"Adelaide Lightning","Lightning","Away","Perth Lynx","67",76,-9,"22","67","32","11","26","42","12","16","75","21","18","39","13","15","0","5","2","19","16","9","6","0","13","14"
"2015 / 2016",137302,"Townsville Fire","Fire","Home","UC Capitals","97",83,14,"39","74","52","5","15","33","14","22","63","30","10","40","26","11","7","4","8","9","17","12","8","0","25","48"
"2015 / 2016",137302,"UC Capitals","Capitals","Away","Townsville Fire","83",97,-14,"33","73","45","11","27","40","6","6","100","19","7","26","18","15","1","8","4","17","9","8","6","0","17","36"
"2015 / 2016",137303,"Melbourne Boomers","Boomers","Home","Dandenong Rangers","67",72,-5,"26","60","43","6","15","40","9","11","81","21","6","27","14","15","7","3","2","16","16","14","4","0","13","28"
"2015 / 2016",137303,"Dandenong Rangers","Rangers","Away","Melbourne Boomers","72",67,5,"30","68","44","5","15","33","7","11","63","24","13","37","16","16","7","2","3","16","16","14","6","4","12","38"
"2015 / 2016",137304,"Townsville Fire","Fire","Home","Sydney Uni Flames","89",80,9,"35","67","52","4","14","28","15","22","68","30","10","40","11","12","7","1","3","11","20","12","14","0","15","50"
"2015 / 2016",137304,"Sydney Uni Flames","Flames","Away","Townsville Fire","80",89,-9,"32","74","43","8","20","40","8","11","72","24","9","33","18","15","4","3","1","21","10","13","4","0","22","32"
"2015 / 2016",137305,"Adelaide Lightning","Lightning","Home","Melbourne Boomers","70",47,23,"24","76","31","5","21","23","17","22","77","21","20","41","18","15","18","2","0","15","19","22","11","0","10","30"
"2015 / 2016",137305,"Melbourne Boomers","Boomers","Away","Adelaide Lightning","47",70,-23,"19","57","33","4","18","22","5","10","50","25","12","37","9","28","4","0","2","19","15","14","6","0","8","22"
"2015 / 2016",137306,"Dandenong Rangers","Rangers","Home","Bendigo Spirit","82",74,8,"30","60","50","1","4","25","21","22","95","28","7","35","13","10","2","6","1","13","17","6","6","0","16","34"
"2015 / 2016",137306,"Bendigo Spirit","Spirit","Away","Dandenong Rangers","74",82,-8,"30","81","37","9","31","29","5","7","71","18","11","29","14","8","5","1","6","17","13","3","12","2","4","32"
"2015 / 2016",137307,"Perth Lynx","Lynx","Home","Melbourne Boomers","80",59,21,"35","77","45","10","25","40","0","1","0","18","18","36","23","8","8","3","2","13","12","26","22","0","11","36"
"2015 / 2016",137307,"Melbourne Boomers","Boomers","Away","Perth Lynx","59",80,-21,"22","54","40","9","24","37","6","7","85","20","9","29","11","20","3","2","3","12","13","5","8","0","17","24"
"2015 / 2016",137308,"UC Capitals","Capitals","Home","Adelaide Lightning","82",85,-3,"29","69","42","11","22","50","13","13","100","23","5","28","13","12","8","2","1","16","20","7","5","0","9","28"
"2015 / 2016",137308,"Adelaide Lightning","Lightning","Away","UC Capitals","85",82,3,"34","72","47","7","16","43","10","16","62","30","11","41","21","15","5","1","2","20","16","8","13","2","14","44"
"2015 / 2016",137309,"SEQ Stars","SEQ","Home","Sydney Uni Flames","92",73,19,"33","75","44","8","23","34","18","21","85","29","12","41","11","10","4","6","5","22","19","11","10","4","17","28"
"2015 / 2016",137309,"Sydney Uni Flames","Flames","Away","SEQ Stars","73",92,-19,"23","65","35","4","14","28","23","27","85","25","11","36","11","11","0","5","6","19","21","2","6","0","21","26"
"2015 / 2016",137310,"Adelaide Lightning","Lightning","Home","SEQ Stars","81",89,-8,"31","78","39","3","22","13","16","22","72","32","12","44","11","10","3","4","2","24","20","2","11","0","9","30"
"2015 / 2016",137310,"SEQ Stars","SEQ","Away","Adelaide Lightning","89",81,8,"29","74","39","7","20","35","24","28","85","37","11","48","15","8","4","2","4","20","24","3","11","0","9","28"
"2015 / 2016",137311,"Perth Lynx","Lynx","Home","SEQ Stars","71",87,-16,"27","72","37","12","36","33","5","6","83","22","12","34","15","21","3","0","1","22","10","6","9","0","0","26"
"2015 / 2016",137311,"SEQ Stars","SEQ","Away","Perth Lynx","87",71,16,"30","73","41","5","24","20","22","29","75","27","14","41","14","10","11","1","0","12","22","15","8","0","16","40"
"2015 / 2016",137312,"Sydney Uni Flames","Flames","Home","Dandenong Rangers","73",77,-4,"27","70","38","7","18","38","12","15","80","20","6","26","14","14","8","4","5","15","13","16","0","0","12","28"
"2015 / 2016",137312,"Dandenong Rangers","Rangers","Away","Sydney Uni Flames","77",73,4,"31","67","46","4","10","40","11","13","84","33","10","43","19","18","2","5","4","13","15","14","8","0","17","38"
"2015 / 2016",137313,"Melbourne Boomers","Boomers","Home","Townsville Fire","60",84,-24,"25","68","36","7","21","33","3","4","75","18","10","28","12","15","2","1","2","19","15","14","9","2","12","24"
"2015 / 2016",137313,"Townsville Fire","Fire","Away","Melbourne Boomers","84",60,24,"31","67","46","6","14","42","16","20","80","26","13","39","16","12","6","2","1","15","19","20","9","2","28","44"
"2015 / 2016",137314,"Bendigo Spirit","Spirit","Home","Townsville Fire","63",75,-12,"26","75","34","5","21","23","6","8","75","18","20","38","14","16","4","5","5","20","11","7","17","0","10","26"
"2015 / 2016",137314,"Townsville Fire","Fire","Away","Bendigo Spirit","75",63,12,"27","66","40","7","18","38","14","17","82","24","12","36","16","14","6","5","5","11","19","6","11","0","17","28"
"2015 / 2016",137315,"UC Capitals","Capitals","Home","Dandenong Rangers","69",73,-4,"29","63","46","5","21","23","6","10","60","28","6","34","17","18","8","10","2","12","12","4","2","2","15","44"
"2015 / 2016",137315,"Dandenong Rangers","Rangers","Away","UC Capitals","73",69,4,"29","81","35","6","11","54","9","11","81","25","13","38","11","10","10","2","10","12","12","20","14","2","6","28"
"2015 / 2016",137316,"Townsville Fire","Fire","Home","Dandenong Rangers","89",49,40,"31","65","47","10","25","40","17","23","73","34","15","49","18","16","3","5","3","16","20","17","11","2","15","40"
"2015 / 2016",137316,"Dandenong Rangers","Rangers","Away","Townsville Fire","49",89,-40,"20","74","27","3","19","15","6","8","75","21","14","35","9","17","5","3","5","20","16","8","10","0","7","22"
"2015 / 2016",137317,"UC Capitals","Capitals","Home","Perth Lynx","80",77,3,"30","59","50","6","16","37","14","18","77","28","8","36","19","23","7","4","0","14","17","11","9","0","0","40"
"2015 / 2016",137317,"Perth Lynx","Lynx","Away","UC Capitals","77",80,-3,"29","74","39","12","33","36","7","10","70","16","15","31","15","16","15","0","4","17","14","22","11","2","10","28"
"2015 / 2016",137318,"Sydney Uni Flames","Flames","Home","Perth Lynx","85",88,-3,"32","68","47","7","18","38","14","14","100","18","9","27","20","16","7","1","2","11","14","12","8","0","26","44"
"2015 / 2016",137318,"Perth Lynx","Lynx","Away","Sydney Uni Flames","88",85,3,"35","71","49","11","26","42","7","10","70","19","13","32","17","14","4","2","1","14","11","20","13","0","15","40"
"2015 / 2016",137319,"Melbourne Boomers","Boomers","Home","Adelaide Lightning","62",88,-26,"25","69","36","8","16","50","4","6","66","18","13","31","13","24","5","3","7","18","12","6","18","0","17","22"
"2015 / 2016",137319,"Adelaide Lightning","Lightning","Away","Melbourne Boomers","88",62,26,"35","71","49","2","11","18","16","20","80","23","12","35","17","13","12","7","3","12","18","31","11","4","10","48"
"2015 / 2016",137320,"Bendigo Spirit","Spirit","Home","Adelaide Lightning","78",92,-14,"28","62","45","5","18","27","17","21","80","18","6","24","13","16","6","1","3","19","19","14","7","4","9","38"
"2015 / 2016",137320,"Adelaide Lightning","Lightning","Away","Bendigo Spirit","92",78,14,"37","67","55","6","14","42","12","16","75","24","8","32","14","11","2","3","1","19","19","17","9","0","18","40"
"2015 / 2016",137321,"SEQ Stars","SEQ","Home","UC Capitals","81",76,5,"31","77","40","6","17","35","13","19","68","24","15","39","18","12","9","3","7","10","16","12","16","0","18","42"
"2015 / 2016",137321,"UC Capitals","Capitals","Away","SEQ Stars","76",81,-5,"31","73","42","7","22","31","7","10","70","31","11","42","16","17","6","7","3","16","9","16","7","2","9","34"
"2015 / 2016",137322,"Perth Lynx","Lynx","Home","Townsville Fire","82",69,13,"35","83","42","8","26","30","4","8","50","22","12","34","16","6","11","1","3","26","11","20","13","2","17","36"
"2015 / 2016",137322,"Townsville Fire","Fire","Away","Perth Lynx","69",82,-13,"24","56","42","2","17","11","19","28","67","33","6","39","12","21","2","3","1","11","26","6","6","2","11","40"
"2015 / 2016",137323,"Sydney Uni Flames","Flames","Home","Bendigo Spirit","90",83,7,"32","65","49","8","17","47","18","18","100","21","11","32","19","19","7","5","4","15","21","18","16","0","22","40"
"2015 / 2016",137323,"Bendigo Spirit","Spirit","Away","Sydney Uni Flames","83",90,-7,"35","79","44","6","18","33","7","11","63","20","16","36","8","18","10","4","5","21","15","26","19","0","8","54"
"2015 / 2016",137324,"Dandenong Rangers","Rangers","Home","SEQ Stars","64",88,-24,"22","62","35","3","16","18","17","28","60","23","8","31","9","14","2","3","4","23","22","8","4","5","20","26"
"2015 / 2016",137324,"SEQ Stars","SEQ","Away","Dandenong Rangers","88",64,24,"32","71","45","12","27","44","12","22","54","31","14","45","19","16","7","4","3","22","23","17","14","7","16","24"
"2015 / 2016",137325,"UC Capitals","Capitals","Home","Bendigo Spirit","78",71,7,"30","70","42","6","18","33","12","15","80","27","13","40","19","12","9","8","2","12","14","13","13","2","20","34"
"2015 / 2016",137325,"Bendigo Spirit","Spirit","Away","UC Capitals","71",78,-7,"26","71","36","9","22","40","10","13","76","24","15","39","11","16","8","2","8","14","12","13","8","2","5","26"
"2015 / 2016",137326,"Adelaide Lightning","Lightning","Home","Townsville Fire","57",64,-7,"23","77","29","6","26","23","5","8","62","27","16","43","19","13","8","4","4","22","11","9","10","0","5","22"
"2015 / 2016",137326,"Townsville Fire","Fire","Away","Adelaide Lightning","64",57,7,"20","61","32","5","17","29","19","28","67","29","13","42","13","16","6","4","4","12","22","5","6","0","20","22"
"2015 / 2016",137327,"Melbourne Boomers","Boomers","Home","SEQ Stars","81",67,14,"28","60","46","15","25","60","10","11","90","29","10","39","18","17","1","3","0","18","12","12","8","2","12","20"
"2015 / 2016",137327,"SEQ Stars","SEQ","Away","Melbourne Boomers","67",81,-14,"28","78","35","3","16","18","8","12","66","19","17","36","11","11","3","0","3","13","17","12","2","0","28","38"
"2015 / 2016",137239,"SEQ Stars","SEQ","Home","Sydney Uni Flames","97",89,8,"36","79","45","4","19","21","21","26","80","28","20","48","11","16","6","2","5","19","21","19","13","0","15","52"
"2015 / 2016",137239,"Sydney Uni Flames","Flames","Away","SEQ Stars","89",97,-8,"33","68","48","6","17","35","17","21","80","26","6","32","19","18","5","5","2","21","19","20","8","0","11","44"
"2015 / 2016",137277,"Sydney Uni Flames","Flames","Home","Townsville Fire","78",79,-1,"30","73","41","5","21","23","13","18","72","29","9","38","19","14","9","2","3","11","15","15","4","0","17","26"
"2015 / 2016",137277,"Townsville Fire","Fire","Away","Sydney Uni Flames","79",78,1,"34","79","43","4","13","30","7","10","70","28","13","41","20","16","5","3","2","15","11","14","13","0","11","44"
"2015 / 2016",137297,"Canberra","Capitals","Home","Perth","63",89,-26,"24","60","40","5","20","25","10","12","83.3","26","13","39","12","27","7","5","2","16","19",NA,NA,NA,NA,NA
"2015 / 2016",137297,"Perth","Lynx","Away","Canberra","89",63,26,"34","81","42","10","35","28.6","11","16","68.8","21","17","38","14","11","15","2","5","19","16",NA,NA,NA,NA,NA
